{
  "epoch": 8,
  "team_size_distribution": {
    "2": 50000
  },
  "expert_usage_frequency": [
    0.11750999838113785,
    0.1353899985551834,
    0.11847999691963196,
    0.16438999772071838,
    0.1160300001502037,
    0.09102000296115875,
    0.14228999614715576,
    0.11489000171422958
  ]
}