{
  "epoch": 1,
  "team_size_distribution": {
    "2": 50000
  },
  "expert_usage_frequency": [
    0.051819998770952225,
    0.1005299985408783,
    0.15082000195980072,
    0.16279000043869019,
    0.1252799928188324,
    0.1276099979877472,
    0.17887000739574432,
    0.10227999836206436
  ]
}