{
  "epoch": 3,
  "team_size_distribution": {
    "4": 50000
  },
  "expert_usage_frequency": [
    0.09283000230789185,
    0.10943000018596649,
    0.14002500474452972,
    0.15648500621318817,
    0.11943499743938446,
    0.1320350021123886,
    0.14577500522136688,
    0.10398499667644501
  ]
}