{
  "epoch": 6,
  "team_size_distribution": {
    "2": 50000
  },
  "expert_usage_frequency": [
    0.09250999987125397,
    0.16460999846458435,
    0.11240000277757645,
    0.11852999776601791,
    0.10760000348091125,
    0.10655999928712845,
    0.10210999846458435,
    0.19568000733852386
  ]
}