{
  "epoch": 9,
  "team_size_distribution": {
    "2": 50000
  },
  "expert_usage_frequency": [
    0.1379999965429306,
    0.0776199996471405,
    0.1677599996328354,
    0.10289999842643738,
    0.181209996342659,
    0.14815999567508698,
    0.10683000087738037,
    0.07751999795436859
  ]
}